subject_id,ABC_TRANSPORTERS,ACUTE_MYELOID_LEUKEMIA,ADHERENS_JUNCTION,ADIPOCYTOKINE_SIGNALING_PATHWAY,ALANINE_ASPARTATE_AND_GLUTAMATE_METABOLISM,ALDOSTERONE_REGULATED_SODIUM_REABSORPTION,ALLOGRAFT_REJECTION,ALPHA_LINOLENIC_ACID_METABOLISM,ALZHEIMERS_DISEASE,AMINOACYL_TRNA_BIOSYNTHESIS,AMINO_SUGAR_AND_NUCLEOTIDE_SUGAR_METABOLISM,AMYOTROPHIC_LATERAL_SCLEROSIS_ALS,ANTIGEN_PROCESSING_AND_PRESENTATION,APOPTOSIS,ARACHIDONIC_ACID_METABOLISM,ARGININE_AND_PROLINE_METABOLISM,ARRHYTHMOGENIC_RIGHT_VENTRICULAR_CARDIOMYOPATHY_ARVC,ASCORBATE_AND_ALDARATE_METABOLISM,ASTHMA,AUTOIMMUNE_THYROID_DISEASE,AXON_GUIDANCE,BASAL_CELL_CARCINOMA,BASAL_TRANSCRIPTION_FACTORS,BASE_EXCISION_REPAIR,BETA_ALANINE_METABOLISM,BIOSYNTHESIS_OF_UNSATURATED_FATTY_ACIDS,BLADDER_CANCER,BUTANOATE_METABOLISM,B_CELL_RECEPTOR_SIGNALING_PATHWAY,CALCIUM_SIGNALING_PATHWAY,CARDIAC_MUSCLE_CONTRACTION,CELL_ADHESION_MOLECULES_CAMS,CELL_CYCLE,CHEMOKINE_SIGNALING_PATHWAY,CHRONIC_MYELOID_LEUKEMIA,CIRCADIAN_RHYTHM_MAMMAL,CITRATE_CYCLE_TCA_CYCLE,COLORECTAL_CANCER,COMPLEMENT_AND_COAGULATION_CASCADES,CYSTEINE_AND_METHIONINE_METABOLISM,CYTOKINE_CYTOKINE_RECEPTOR_INTERACTION,CYTOSOLIC_DNA_SENSING_PATHWAY,DILATED_CARDIOMYOPATHY,DNA_REPLICATION,DORSO_VENTRAL_AXIS_FORMATION,DRUG_METABOLISM_CYTOCHROME_P450,DRUG_METABOLISM_OTHER_ENZYMES,ECM_RECEPTOR_INTERACTION,ENDOCYTOSIS,ENDOMETRIAL_CANCER,EPITHELIAL_CELL_SIGNALING_IN_HELICOBACTER_PYLORI_INFECTION,ERBB_SIGNALING_PATHWAY,ETHER_LIPID_METABOLISM,FATTY_ACID_METABOLISM,FC_EPSILON_RI_SIGNALING_PATHWAY,FC_GAMMA_R_MEDIATED_PHAGOCYTOSIS,FOCAL_ADHESION,FOLATE_BIOSYNTHESIS,FRUCTOSE_AND_MANNOSE_METABOLISM,GALACTOSE_METABOLISM,GAP_JUNCTION,GLIOMA,GLUTATHIONE_METABOLISM,GLYCEROLIPID_METABOLISM,GLYCEROPHOSPHOLIPID_METABOLISM,GLYCINE_SERINE_AND_THREONINE_METABOLISM,GLYCOLYSIS_GLUCONEOGENESIS,GLYCOSAMINOGLYCAN_BIOSYNTHESIS_CHONDROITIN_SULFATE,GLYCOSAMINOGLYCAN_BIOSYNTHESIS_HEPARAN_SULFATE,GLYCOSAMINOGLYCAN_BIOSYNTHESIS_KERATAN_SULFATE,GLYCOSAMINOGLYCAN_DEGRADATION,GLYCOSPHINGOLIPID_BIOSYNTHESIS_GANGLIO_SERIES,GLYCOSPHINGOLIPID_BIOSYNTHESIS_GLOBO_SERIES,GLYCOSPHINGOLIPID_BIOSYNTHESIS_LACTO_AND_NEOLACTO_SERIES,GLYCOSYLPHOSPHATIDYLINOSITOL_GPI_ANCHOR_BIOSYNTHESIS,GLYOXYLATE_AND_DICARBOXYLATE_METABOLISM,GNRH_SIGNALING_PATHWAY,GRAFT_VERSUS_HOST_DISEASE,HEDGEHOG_SIGNALING_PATHWAY,HEMATOPOIETIC_CELL_LINEAGE,HISTIDINE_METABOLISM,HOMOLOGOUS_RECOMBINATION,HUNTINGTONS_DISEASE,HYPERTROPHIC_CARDIOMYOPATHY_HCM,INOSITOL_PHOSPHATE_METABOLISM,INSULIN_SIGNALING_PATHWAY,INTESTINAL_IMMUNE_NETWORK_FOR_IGA_PRODUCTION,JAK_STAT_SIGNALING_PATHWAY,LEISHMANIA_INFECTION,LEUKOCYTE_TRANSENDOTHELIAL_MIGRATION,LIMONENE_AND_PINENE_DEGRADATION,LINOLEIC_ACID_METABOLISM,LONG_TERM_DEPRESSION,LONG_TERM_POTENTIATION,LYSINE_DEGRADATION,LYSOSOME,MAPK_SIGNALING_PATHWAY,MATURITY_ONSET_DIABETES_OF_THE_YOUNG,MELANOGENESIS,MELANOMA,METABOLISM_OF_XENOBIOTICS_BY_CYTOCHROME_P450,MISMATCH_REPAIR,MTOR_SIGNALING_PATHWAY,NATURAL_KILLER_CELL_MEDIATED_CYTOTOXICITY,NEUROACTIVE_LIGAND_RECEPTOR_INTERACTION,NEUROTROPHIN_SIGNALING_PATHWAY,NICOTINATE_AND_NICOTINAMIDE_METABOLISM,NITROGEN_METABOLISM,NOD_LIKE_RECEPTOR_SIGNALING_PATHWAY,NON_HOMOLOGOUS_END_JOINING,NON_SMALL_CELL_LUNG_CANCER,NOTCH_SIGNALING_PATHWAY,NUCLEOTIDE_EXCISION_REPAIR,N_GLYCAN_BIOSYNTHESIS,OLFACTORY_TRANSDUCTION,ONE_CARBON_POOL_BY_FOLATE,OOCYTE_MEIOSIS,OTHER_GLYCAN_DEGRADATION,OXIDATIVE_PHOSPHORYLATION,O_GLYCAN_BIOSYNTHESIS,P53_SIGNALING_PATHWAY,PANCREATIC_CANCER,PANTOTHENATE_AND_COA_BIOSYNTHESIS,PARKINSONS_DISEASE,PATHOGENIC_ESCHERICHIA_COLI_INFECTION,PATHWAYS_IN_CANCER,PENTOSE_AND_GLUCURONATE_INTERCONVERSIONS,PENTOSE_PHOSPHATE_PATHWAY,PEROXISOME,PHENYLALANINE_METABOLISM,PHOSPHATIDYLINOSITOL_SIGNALING_SYSTEM,PORPHYRIN_AND_CHLOROPHYLL_METABOLISM,PPAR_SIGNALING_PATHWAY,PRIMARY_BILE_ACID_BIOSYNTHESIS,PRIMARY_IMMUNODEFICIENCY,PRION_DISEASES,PROGESTERONE_MEDIATED_OOCYTE_MATURATION,PROPANOATE_METABOLISM,PROSTATE_CANCER,PROTEASOME,PROTEIN_EXPORT,PROXIMAL_TUBULE_BICARBONATE_RECLAMATION,PURINE_METABOLISM,PYRIMIDINE_METABOLISM,PYRUVATE_METABOLISM,REGULATION_OF_ACTIN_CYTOSKELETON,REGULATION_OF_AUTOPHAGY,RENAL_CELL_CARCINOMA,RENIN_ANGIOTENSIN_SYSTEM,RETINOL_METABOLISM,RIBOFLAVIN_METABOLISM,RIBOSOME,RIG_I_LIKE_RECEPTOR_SIGNALING_PATHWAY,RNA_DEGRADATION,RNA_POLYMERASE,SELENOAMINO_ACID_METABOLISM,SMALL_CELL_LUNG_CANCER,SNARE_INTERACTIONS_IN_VESICULAR_TRANSPORT,SPHINGOLIPID_METABOLISM,SPLICEOSOME,STARCH_AND_SUCROSE_METABOLISM,STEROID_BIOSYNTHESIS,STEROID_HORMONE_BIOSYNTHESIS,SULFUR_METABOLISM,SYSTEMIC_LUPUS_ERYTHEMATOSUS,TASTE_TRANSDUCTION,TAURINE_AND_HYPOTAURINE_METABOLISM,TERPENOID_BACKBONE_BIOSYNTHESIS,TGF_BETA_SIGNALING_PATHWAY,THYROID_CANCER,TIGHT_JUNCTION,TOLL_LIKE_RECEPTOR_SIGNALING_PATHWAY,TRYPTOPHAN_METABOLISM,TYPE_II_DIABETES_MELLITUS,TYPE_I_DIABETES_MELLITUS,TYROSINE_METABOLISM,T_CELL_RECEPTOR_SIGNALING_PATHWAY,UBIQUITIN_MEDIATED_PROTEOLYSIS,VALINE_LEUCINE_AND_ISOLEUCINE_BIOSYNTHESIS,VALINE_LEUCINE_AND_ISOLEUCINE_DEGRADATION,VASCULAR_SMOOTH_MUSCLE_CONTRACTION,VASOPRESSIN_REGULATED_WATER_REABSORPTION,VEGF_SIGNALING_PATHWAY,VIBRIO_CHOLERAE_INFECTION,VIRAL_MYOCARDITIS,WNT_SIGNALING_PATHWAY
1,NoChange,NoChange,NoChange,NoChange,NoChange,Up,Up,Down,Down,NoChange,Up,NoChange,Up,Up,NoChange,Down,NoChange,Down,Up,Up,NoChange,NoChange,NoChange,NoChange,Down,Down,NoChange,Down,Up,NoChange,Down,Up,NoChange,Up,NoChange,NoChange,Down,Up,Up,Up,Up,Up,NoChange,Up,NoChange,NoChange,NoChange,NoChange,NoChange,NoChange,Up,NoChange,NoChange,NoChange,Up,Up,NoChange,Down,NoChange,Up,NoChange,NoChange,NoChange,Up,NoChange,NoChange,NoChange,Up,NoChange,Up,Up,Up,Up,NoChange,Down,Down,NoChange,Up,NoChange,Up,NoChange,Up,Down,NoChange,NoChange,NoChange,Up,NoChange,Up,Up,Down,Down,NoChange,NoChange,NoChange,Up,NoChange,Down,NoChange,NoChange,NoChange,NoChange,Up,Up,NoChange,NoChange,NoChange,Up,Up,Up,NoChange,NoChange,NoChange,NoChange,NoChange,Up,NoChange,Up,Down,Up,Up,NoChange,Up,Down,NoChange,NoChange,NoChange,NoChange,Down,NoChange,Up,NoChange,Up,Up,Up,Up,NoChange,Down,NoChange,NoChange,NoChange,NoChange,NoChange,NoChange,NoChange,Up,Down,NoChange,NoChange,NoChange,Up,NoChange,NoChange,NoChange,Down,NoChange,NoChange,NoChange,Up,NoChange,Up,Up,NoChange,NoChange,Up,NoChange,Down,NoChange,Down,NoChange,NoChange,Up,NoChange,NoChange,NoChange,NoChange,Up,NoChange,Up,Down,NoChange,NoChange,NoChange,Up,Up,NoChange
2,NoChange,Up,NoChange,NoChange,Down,Up,NoChange,Down,NoChange,NoChange,NoChange,NoChange,Up,Up,Up,Down,NoChange,NoChange,NoChange,NoChange,NoChange,Down,NoChange,NoChange,NoChange,Down,Up,Down,Up,NoChange,NoChange,Up,NoChange,Up,NoChange,NoChange,Down,Up,Up,NoChange,Up,Up,NoChange,NoChange,NoChange,NoChange,NoChange,NoChange,NoChange,NoChange,Up,NoChange,Up,Down,Up,Up,NoChange,Down,NoChange,Up,NoChange,NoChange,NoChange,NoChange,NoChange,NoChange,NoChange,NoChange,NoChange,NoChange,NoChange,NoChange,NoChange,NoChange,Down,Down,Up,Up,NoChange,Up,NoChange,NoChange,Down,NoChange,NoChange,NoChange,Up,Up,Up,Up,NoChange,NoChange,NoChange,NoChange,NoChange,Up,NoChange,Down,NoChange,NoChange,NoChange,NoChange,Up,Up,NoChange,NoChange,NoChange,NoChange,Up,NoChange,Up,NoChange,NoChange,NoChange,NoChange,NoChange,NoChange,Up,Down,NoChange,Up,Up,Up,Down,NoChange,NoChange,NoChange,NoChange,NoChange,Down,Up,NoChange,NoChange,NoChange,Up,Up,NoChange,Down,NoChange,NoChange,NoChange,NoChange,Down,NoChange,Down,Up,NoChange,NoChange,Down,NoChange,NoChange,NoChange,Up,NoChange,Down,NoChange,NoChange,NoChange,Down,NoChange,NoChange,Down,NoChange,NoChange,Up,NoChange,NoChange,NoChange,NoChange,NoChange,NoChange,Up,NoChange,NoChange,NoChange,Down,Up,NoChange,NoChange,Down,NoChange,NoChange,Up,NoChange,NoChange,NoChange
3,NoChange,Up,NoChange,NoChange,Down,Up,Up,Down,NoChange,Down,Up,NoChange,Up,NoChange,Up,NoChange,NoChange,Down,Up,Up,NoChange,NoChange,Up,NoChange,Down,Down,Up,Down,Up,NoChange,NoChange,Up,NoChange,Up,NoChange,Down,Down,Up,Up,NoChange,Up,Up,NoChange,NoChange,Down,Up,NoChange,NoChange,NoChange,NoChange,Up,NoChange,Up,NoChange,Up,Up,NoChange,NoChange,NoChange,Up,NoChange,NoChange,NoChange,NoChange,NoChange,NoChange,NoChange,NoChange,NoChange,NoChange,Up,Up,Up,NoChange,NoChange,Down,NoChange,Up,NoChange,Up,NoChange,NoChange,Down,NoChange,NoChange,NoChange,Up,Up,Up,Up,Down,NoChange,NoChange,NoChange,NoChange,Up,NoChange,Down,NoChange,NoChange,NoChange,NoChange,Up,Up,NoChange,NoChange,Up,Up,Up,NoChange,NoChange,NoChange,NoChange,NoChange,NoChange,NoChange,NoChange,Up,Down,Up,NoChange,Up,Up,Down,NoChange,NoChange,Up,Up,Down,NoChange,NoChange,Up,NoChange,Up,Up,Up,NoChange,Down,NoChange,NoChange,Up,NoChange,NoChange,NoChange,Down,NoChange,NoChange,NoChange,Up,NoChange,Up,Up,NoChange,NoChange,NoChange,NoChange,NoChange,NoChange,Up,NoChange,NoChange,Up,NoChange,NoChange,Up,NoChange,Down,Down,NoChange,NoChange,NoChange,Up,NoChange,NoChange,Up,Down,Up,NoChange,Down,Down,NoChange,NoChange,NoChange,Up,Up,NoChange
4,NoChange,Down,Down,NoChange,Down,Down,NoChange,Down,Up,NoChange,Up,NoChange,NoChange,Down,Down,NoChange,Down,Down,Up,NoChange,Down,Down,Up,NoChange,NoChange,Down,Down,NoChange,Down,Down,Up,Down,NoChange,Down,Down,Down,NoChange,Down,NoChange,NoChange,Down,NoChange,Down,Up,Down,Up,NoChange,Down,Down,Down,Down,Down,NoChange,NoChange,Down,Down,Down,NoChange,NoChange,NoChange,Down,Down,Up,Down,Down,Down,Down,Down,NoChange,Down,Down,NoChange,Down,NoChange,Up,Down,Down,NoChange,NoChange,Down,Up,Up,Up,Down,Down,Down,NoChange,Down,Down,Down,Down,NoChange,Down,Down,NoChange,NoChange,Down,Down,Down,NoChange,Up,Up,Down,Down,Down,Down,NoChange,Up,NoChange,NoChange,Down,Down,Up,NoChange,NoChange,NoChange,NoChange,Up,Up,NoChange,NoChange,NoChange,Up,Up,NoChange,Down,Up,NoChange,Up,NoChange,Down,Down,Down,NoChange,Down,NoChange,NoChange,NoChange,Down,Up,Up,NoChange,NoChange,NoChange,NoChange,Down,Up,NoChange,Up,NoChange,Up,Up,NoChange,Up,Up,NoChange,Down,NoChange,NoChange,Up,NoChange,NoChange,NoChange,NoChange,Up,NoChange,Down,Up,NoChange,NoChange,NoChange,NoChange,NoChange,Down,NoChange,Up,Down,NoChange,NoChange,NoChange,Down,NoChange,Down,NoChange,NoChange,Down
5,Up,NoChange,NoChange,NoChange,Up,Up,Up,NoChange,NoChange,Up,Up,NoChange,Up,NoChange,NoChange,Up,NoChange,Up,Up,Up,NoChange,Down,Up,Up,Up,Up,NoChange,Up,NoChange,NoChange,Down,Up,Up,NoChange,NoChange,Up,Up,NoChange,Up,Up,NoChange,NoChange,Down,Up,NoChange,Up,NoChange,NoChange,NoChange,Up,Up,NoChange,NoChange,Up,NoChange,NoChange,NoChange,Down,NoChange,Up,Down,NoChange,Up,Up,Up,Up,Up,Down,NoChange,Up,Up,Up,Up,Up,Up,NoChange,NoChange,Up,Down,NoChange,Up,Up,NoChange,Down,NoChange,NoChange,Up,NoChange,Up,NoChange,Up,NoChange,Down,NoChange,Up,Up,NoChange,Down,Down,NoChange,NoChange,Up,NoChange,NoChange,Down,NoChange,Up,Up,NoChange,Up,NoChange,Down,Up,Up,NoChange,Up,NoChange,Up,NoChange,Up,Up,Up,Up,NoChange,NoChange,NoChange,Up,Up,Up,Up,NoChange,Up,Up,Up,NoChange,Up,NoChange,Up,NoChange,Up,Up,Up,NoChange,NoChange,Up,NoChange,NoChange,NoChange,Up,Up,Up,NoChange,NoChange,Up,Up,Up,NoChange,NoChange,Up,NoChange,NoChange,Up,Up,Up,Up,NoChange,NoChange,Up,NoChange,NoChange,Down,Up,Up,NoChange,Up,Up,NoChange,Up,Up,Up,Down,NoChange,NoChange,Up,Up,NoChange
12,NoChange,NoChange,NoChange,NoChange,NoChange,NoChange,NoChange,Down,Down,NoChange,NoChange,Down,NoChange,NoChange,Down,Down,NoChange,NoChange,NoChange,NoChange,Down,Down,Up,Down,NoChange,Down,NoChange,NoChange,NoChange,NoChange,Down,NoChange,NoChange,NoChange,NoChange,NoChange,Down,NoChange,NoChange,NoChange,NoChange,NoChange,Down,NoChange,NoChange,NoChange,NoChange,Down,NoChange,Down,NoChange,NoChange,Down,NoChange,NoChange,NoChange,NoChange,Up,Down,Down,NoChange,NoChange,NoChange,Down,Down,NoChange,Down,Down,NoChange,Down,Down,NoChange,Down,NoChange,Up,Down,Down,NoChange,NoChange,NoChange,NoChange,NoChange,NoChange,Down,NoChange,NoChange,NoChange,NoChange,NoChange,NoChange,NoChange,Down,NoChange,NoChange,NoChange,NoChange,NoChange,Down,Down,NoChange,NoChange,NoChange,NoChange,NoChange,Down,NoChange,NoChange,Up,NoChange,Up,NoChange,Down,Up,NoChange,NoChange,NoChange,NoChange,Down,Down,Up,NoChange,NoChange,Up,Down,NoChange,NoChange,NoChange,Down,NoChange,Down,NoChange,NoChange,NoChange,NoChange,NoChange,NoChange,NoChange,NoChange,NoChange,NoChange,NoChange,Up,NoChange,NoChange,Down,NoChange,Up,NoChange,NoChange,NoChange,NoChange,NoChange,NoChange,Up,NoChange,NoChange,NoChange,NoChange,NoChange,Up,NoChange,NoChange,NoChange,Down,NoChange,Up,NoChange,NoChange,NoChange,Down,NoChange,NoChange,NoChange,Down,NoChange,NoChange,NoChange,NoChange,Down,NoChange,Down,NoChange,Down,NoChange,NoChange,NoChange
21,NoChange,Up,Up,Up,NoChange,Up,Down,NoChange,Down,NoChange,NoChange,Down,Down,Down,NoChange,NoChange,Up,NoChange,Down,Down,Up,Up,Down,Up,Up,Down,Up,NoChange,Down,Up,NoChange,NoChange,NoChange,Down,Up,Up,NoChange,NoChange,NoChange,NoChange,Down,Down,Up,NoChange,Up,Up,NoChange,Up,NoChange,Up,Down,Up,Up,Up,Down,Down,NoChange,Down,Up,NoChange,Up,NoChange,Up,NoChange,NoChange,NoChange,NoChange,NoChange,Up,Up,Up,Up,Up,NoChange,Down,Up,NoChange,Down,Up,Down,NoChange,NoChange,NoChange,NoChange,NoChange,Up,Down,NoChange,Down,Down,NoChange,NoChange,NoChange,NoChange,Up,Up,NoChange,Up,Up,Up,Up,NoChange,NoChange,Down,NoChange,NoChange,NoChange,Down,Down,Down,NoChange,Up,Down,NoChange,NoChange,NoChange,NoChange,Up,Down,NoChange,Down,NoChange,Down,Down,NoChange,NoChange,Up,NoChange,Up,Up,NoChange,NoChange,Up,NoChange,Down,NoChange,NoChange,NoChange,Up,Down,Down,NoChange,NoChange,Down,NoChange,NoChange,Down,NoChange,Down,Up,Down,NoChange,Down,Down,NoChange,Up,NoChange,NoChange,NoChange,Down,Down,NoChange,NoChange,Down,Down,NoChange,Up,Down,Up,Up,Up,Down,NoChange,Up,Down,Up,Down,NoChange,Down,NoChange,Up,Up,NoChange,NoChange,NoChange,Up
22,NoChange,NoChange,NoChange,NoChange,NoChange,NoChange,NoChange,NoChange,NoChange,Up,NoChange,NoChange,NoChange,NoChange,NoChange,NoChange,NoChange,NoChange,NoChange,NoChange,NoChange,Down,Up,NoChange,NoChange,NoChange,NoChange,NoChange,NoChange,NoChange,Down,NoChange,NoChange,Down,NoChange,Up,NoChange,NoChange,NoChange,Up,Down,NoChange,NoChange,Up,NoChange,NoChange,NoChange,Down,NoChange,Down,NoChange,NoChange,NoChange,NoChange,NoChange,Down,NoChange,Down,Down,NoChange,NoChange,NoChange,NoChange,NoChange,NoChange,Down,NoChange,Down,Down,NoChange,Down,Down,NoChange,NoChange,Up,Down,NoChange,NoChange,NoChange,Down,NoChange,Up,NoChange,NoChange,NoChange,NoChange,Down,Down,NoChange,Down,NoChange,NoChange,NoChange,NoChange,NoChange,NoChange,NoChange,Down,NoChange,NoChange,NoChange,Up,NoChange,Down,NoChange,NoChange,NoChange,NoChange,NoChange,Up,Down,Down,Up,NoChange,NoChange,NoChange,NoChange,Down,NoChange,Up,NoChange,NoChange,NoChange,Down,Down,NoChange,NoChange,NoChange,NoChange,Down,NoChange,Down,NoChange,NoChange,Down,NoChange,NoChange,NoChange,NoChange,NoChange,Up,NoChange,NoChange,NoChange,NoChange,Down,Up,NoChange,Up,NoChange,NoChange,NoChange,NoChange,Up,NoChange,NoChange,NoChange,Down,NoChange,Up,NoChange,Up,NoChange,Down,NoChange,NoChange,NoChange,Up,NoChange,NoChange,NoChange,NoChange,NoChange,NoChange,NoChange,NoChange,NoChange,NoChange,NoChange,NoChange,NoChange,NoChange,NoChange,NoChange,NoChange,NoChange
25,NoChange,NoChange,NoChange,NoChange,NoChange,Up,Down,NoChange,NoChange,NoChange,Up,NoChange,Down,Down,NoChange,NoChange,Down,Down,Down,Down,Up,NoChange,NoChange,NoChange,NoChange,Down,NoChange,NoChange,NoChange,NoChange,NoChange,NoChange,NoChange,NoChange,NoChange,NoChange,Down,NoChange,Up,NoChange,NoChange,Down,NoChange,NoChange,NoChange,Up,NoChange,NoChange,NoChange,NoChange,NoChange,NoChange,Up,NoChange,NoChange,NoChange,NoChange,Down,NoChange,NoChange,NoChange,NoChange,Up,NoChange,NoChange,Down,NoChange,Up,NoChange,Up,Up,Up,Up,NoChange,NoChange,NoChange,NoChange,Down,NoChange,Down,NoChange,NoChange,NoChange,NoChange,NoChange,NoChange,Down,NoChange,Down,NoChange,Down,Up,NoChange,NoChange,NoChange,Up,NoChange,NoChange,NoChange,NoChange,Up,NoChange,NoChange,NoChange,NoChange,NoChange,NoChange,Down,Down,NoChange,NoChange,Up,NoChange,NoChange,NoChange,NoChange,NoChange,Up,NoChange,NoChange,NoChange,NoChange,NoChange,NoChange,NoChange,NoChange,NoChange,NoChange,Down,NoChange,NoChange,Down,NoChange,Up,Down,Up,NoChange,NoChange,NoChange,Down,NoChange,Up,NoChange,NoChange,NoChange,NoChange,NoChange,NoChange,Down,Up,Up,NoChange,Down,NoChange,NoChange,NoChange,NoChange,NoChange,Up,NoChange,Down,Up,NoChange,NoChange,Up,NoChange,NoChange,Down,NoChange,NoChange,NoChange,NoChange,NoChange,NoChange,Down,NoChange,NoChange,NoChange,Up,Down,NoChange,NoChange,Up,NoChange,Down,NoChange
26,NoChange,Down,NoChange,NoChange,NoChange,NoChange,Up,Down,Down,NoChange,NoChange,NoChange,NoChange,NoChange,Down,Down,NoChange,NoChange,Up,Up,Down,Down,Up,Down,NoChange,Down,Down,NoChange,NoChange,NoChange,Down,NoChange,NoChange,NoChange,Down,NoChange,Down,NoChange,Down,NoChange,NoChange,NoChange,Down,NoChange,NoChange,Down,NoChange,Down,NoChange,Down,NoChange,Down,NoChange,NoChange,Down,Down,NoChange,Down,Down,Down,Down,Down,Down,NoChange,NoChange,NoChange,Down,Down,Down,NoChange,Down,NoChange,Down,NoChange,Up,NoChange,Down,Up,Down,NoChange,NoChange,Down,Down,Down,NoChange,Down,NoChange,NoChange,NoChange,NoChange,Down,Down,NoChange,NoChange,NoChange,Down,NoChange,NoChange,Down,NoChange,Down,Up,NoChange,NoChange,NoChange,NoChange,NoChange,Up,NoChange,NoChange,Down,Down,NoChange,NoChange,NoChange,NoChange,NoChange,Down,Down,NoChange,NoChange,NoChange,NoChange,Down,NoChange,NoChange,Down,NoChange,NoChange,Down,NoChange,Down,Down,NoChange,NoChange,Down,NoChange,NoChange,Down,NoChange,Up,NoChange,NoChange,NoChange,Down,NoChange,Up,NoChange,NoChange,NoChange,NoChange,NoChange,NoChange,Up,Down,NoChange,NoChange,NoChange,NoChange,Up,Down,NoChange,Up,Down,NoChange,NoChange,Down,NoChange,NoChange,Down,NoChange,NoChange,NoChange,NoChange,Up,NoChange,NoChange,NoChange,NoChange,NoChange,Down,NoChange,Down,NoChange,NoChange,NoChange
27,NoChange,NoChange,NoChange,Down,Down,Up,Up,Down,NoChange,NoChange,Up,NoChange,Up,Up,Up,NoChange,NoChange,NoChange,Up,Up,NoChange,Down,Down,NoChange,Down,Down,Up,Down,Up,NoChange,NoChange,Up,NoChange,Up,Up,NoChange,Down,NoChange,Up,Up,Up,Up,NoChange,Up,NoChange,NoChange,Up,NoChange,NoChange,NoChange,Up,NoChange,Up,Down,Up,Up,NoChange,Down,Up,Up,NoChange,NoChange,NoChange,Up,NoChange,NoChange,Up,Up,Up,Up,Up,Up,Up,NoChange,Down,NoChange,Up,Up,NoChange,Up,NoChange,NoChange,NoChange,NoChange,NoChange,NoChange,Up,NoChange,Up,Up,Down,Down,Down,Up,NoChange,Up,NoChange,NoChange,NoChange,NoChange,Up,NoChange,Up,Up,NoChange,Up,NoChange,NoChange,Up,NoChange,Up,NoChange,NoChange,NoChange,NoChange,NoChange,NoChange,Up,NoChange,Up,Up,NoChange,Up,Down,Up,NoChange,Up,Up,Down,Up,NoChange,Up,Up,Up,Up,Up,Up,Down,NoChange,NoChange,NoChange,NoChange,NoChange,NoChange,Down,Up,Down,NoChange,Down,NoChange,Up,NoChange,Up,NoChange,Down,NoChange,NoChange,NoChange,Up,NoChange,Up,Up,Up,Up,Up,NoChange,NoChange,Up,Down,NoChange,Down,Up,Up,NoChange,Up,NoChange,Up,Down,Up,Down,Down,NoChange,Up,Up,Up,NoChange
28,NoChange,NoChange,NoChange,NoChange,NoChange,NoChange,NoChange,Down,NoChange,NoChange,NoChange,NoChange,NoChange,NoChange,NoChange,Down,NoChange,Up,NoChange,NoChange,NoChange,NoChange,NoChange,NoChange,NoChange,Down,NoChange,NoChange,NoChange,NoChange,Down,NoChange,NoChange,NoChange,NoChange,NoChange,Down,NoChange,NoChange,NoChange,NoChange,NoChange,NoChange,NoChange,NoChange,Up,NoChange,NoChange,NoChange,NoChange,NoChange,NoChange,NoChange,NoChange,NoChange,NoChange,NoChange,Down,NoChange,NoChange,NoChange,NoChange,NoChange,NoChange,NoChange,Down,NoChange,NoChange,NoChange,NoChange,NoChange,NoChange,Up,NoChange,NoChange,NoChange,NoChange,Down,NoChange,NoChange,NoChange,NoChange,NoChange,NoChange,NoChange,NoChange,NoChange,NoChange,NoChange,NoChange,Down,Down,NoChange,NoChange,NoChange,NoChange,NoChange,NoChange,NoChange,NoChange,NoChange,NoChange,NoChange,NoChange,NoChange,NoChange,Down,NoChange,NoChange,NoChange,NoChange,NoChange,NoChange,NoChange,NoChange,Down,NoChange,NoChange,Down,NoChange,NoChange,NoChange,NoChange,Down,NoChange,NoChange,Up,NoChange,NoChange,Down,NoChange,Down,NoChange,NoChange,NoChange,NoChange,NoChange,Down,NoChange,NoChange,NoChange,NoChange,NoChange,NoChange,Down,NoChange,NoChange,NoChange,Down,NoChange,NoChange,NoChange,NoChange,NoChange,NoChange,NoChange,NoChange,NoChange,NoChange,NoChange,NoChange,NoChange,NoChange,Down,NoChange,NoChange,NoChange,NoChange,NoChange,NoChange,NoChange,NoChange,NoChange,NoChange,Down,NoChange,NoChange,NoChange,NoChange,NoChange,NoChange,NoChange,NoChange,NoChange,NoChange,NoChange
29,NoChange,NoChange,NoChange,NoChange,NoChange,NoChange,NoChange,Down,NoChange,NoChange,NoChange,NoChange,NoChange,NoChange,NoChange,NoChange,NoChange,NoChange,NoChange,NoChange,NoChange,NoChange,NoChange,NoChange,NoChange,Down,NoChange,NoChange,Up,NoChange,NoChange,NoChange,NoChange,Up,NoChange,NoChange,Up,NoChange,NoChange,NoChange,NoChange,NoChange,NoChange,NoChange,NoChange,NoChange,NoChange,NoChange,NoChange,NoChange,NoChange,NoChange,Down,NoChange,NoChange,NoChange,NoChange,NoChange,NoChange,NoChange,NoChange,NoChange,NoChange,NoChange,NoChange,NoChange,NoChange,NoChange,NoChange,Down,Down,NoChange,NoChange,NoChange,Down,Up,NoChange,NoChange,NoChange,Up,NoChange,NoChange,NoChange,NoChange,NoChange,NoChange,NoChange,NoChange,Up,NoChange,NoChange,NoChange,NoChange,NoChange,NoChange,Down,NoChange,NoChange,NoChange,NoChange,NoChange,NoChange,NoChange,NoChange,NoChange,NoChange,NoChange,NoChange,Up,NoChange,NoChange,NoChange,NoChange,NoChange,NoChange,Up,NoChange,NoChange,NoChange,NoChange,NoChange,NoChange,NoChange,NoChange,NoChange,NoChange,NoChange,NoChange,NoChange,Down,NoChange,NoChange,NoChange,NoChange,Up,NoChange,NoChange,NoChange,NoChange,NoChange,Up,NoChange,NoChange,NoChange,NoChange,NoChange,NoChange,NoChange,NoChange,NoChange,Down,NoChange,NoChange,NoChange,NoChange,NoChange,NoChange,NoChange,NoChange,NoChange,NoChange,Down,NoChange,NoChange,NoChange,NoChange,Down,Down,NoChange,NoChange,NoChange,NoChange,NoChange,Up,NoChange,NoChange,NoChange,NoChange,NoChange,NoChange,Up,NoChange,NoChange,NoChange,NoChange,NoChange
30,NoChange,Down,NoChange,NoChange,NoChange,NoChange,NoChange,Down,NoChange,NoChange,Up,NoChange,NoChange,NoChange,Down,NoChange,NoChange,Up,NoChange,NoChange,Down,Down,Up,NoChange,NoChange,Down,Down,NoChange,NoChange,NoChange,NoChange,NoChange,NoChange,Down,NoChange,Down,NoChange,NoChange,NoChange,NoChange,NoChange,NoChange,NoChange,NoChange,NoChange,NoChange,NoChange,Down,NoChange,Down,NoChange,NoChange,NoChange,NoChange,NoChange,NoChange,NoChange,NoChange,Down,Down,NoChange,NoChange,NoChange,NoChange,NoChange,Down,NoChange,Down,NoChange,NoChange,Down,NoChange,NoChange,Up,NoChange,Down,Down,NoChange,NoChange,NoChange,NoChange,NoChange,NoChange,NoChange,NoChange,NoChange,NoChange,NoChange,NoChange,NoChange,NoChange,NoChange,Down,NoChange,NoChange,NoChange,NoChange,NoChange,NoChange,NoChange,NoChange,NoChange,NoChange,NoChange,NoChange,NoChange,NoChange,Up,NoChange,Up,Down,Down,NoChange,NoChange,NoChange,NoChange,NoChange,NoChange,NoChange,NoChange,NoChange,NoChange,Down,NoChange,NoChange,NoChange,Up,Down,NoChange,Down,NoChange,NoChange,NoChange,Up,NoChange,NoChange,NoChange,NoChange,NoChange,NoChange,Up,NoChange,NoChange,NoChange,NoChange,NoChange,NoChange,NoChange,Up,NoChange,NoChange,NoChange,NoChange,Up,NoChange,NoChange,NoChange,NoChange,NoChange,NoChange,NoChange,NoChange,NoChange,NoChange,NoChange,NoChange,NoChange,NoChange,NoChange,NoChange,NoChange,NoChange,NoChange,NoChange,NoChange,Down,NoChange,NoChange,NoChange,NoChange,Down,NoChange,Down,NoChange,NoChange,NoChange
37,NoChange,NoChange,NoChange,NoChange,NoChange,NoChange,NoChange,Down,NoChange,NoChange,NoChange,NoChange,NoChange,NoChange,NoChange,NoChange,NoChange,Down,NoChange,NoChange,NoChange,NoChange,NoChange,NoChange,NoChange,Down,NoChange,NoChange,Up,NoChange,NoChange,NoChange,NoChange,NoChange,NoChange,NoChange,NoChange,NoChange,Up,NoChange,NoChange,NoChange,NoChange,NoChange,NoChange,NoChange,NoChange,NoChange,NoChange,NoChange,NoChange,NoChange,NoChange,NoChange,NoChange,NoChange,NoChange,NoChange,NoChange,NoChange,NoChange,NoChange,NoChange,NoChange,NoChange,NoChange,NoChange,Up,NoChange,NoChange,NoChange,NoChange,NoChange,NoChange,NoChange,NoChange,NoChange,NoChange,NoChange,NoChange,NoChange,NoChange,NoChange,NoChange,NoChange,NoChange,NoChange,NoChange,Up,NoChange,NoChange,NoChange,NoChange,NoChange,NoChange,Up,NoChange,Down,NoChange,NoChange,NoChange,NoChange,NoChange,NoChange,NoChange,NoChange,NoChange,NoChange,NoChange,NoChange,NoChange,NoChange,NoChange,NoChange,NoChange,NoChange,NoChange,NoChange,Down,NoChange,NoChange,NoChange,Up,Down,NoChange,NoChange,NoChange,NoChange,NoChange,NoChange,NoChange,Down,NoChange,NoChange,NoChange,NoChange,NoChange,NoChange,NoChange,NoChange,NoChange,NoChange,NoChange,NoChange,NoChange,NoChange,NoChange,NoChange,NoChange,NoChange,Up,NoChange,NoChange,NoChange,NoChange,NoChange,NoChange,NoChange,NoChange,NoChange,NoChange,NoChange,NoChange,NoChange,NoChange,NoChange,NoChange,NoChange,NoChange,NoChange,NoChange,NoChange,Up,NoChange,NoChange,NoChange,NoChange,NoChange,NoChange,NoChange,NoChange,NoChange,NoChange,NoChange,NoChange,NoChange
38,Down,NoChange,NoChange,NoChange,Down,Up,Up,Down,Down,Down,Up,NoChange,Up,NoChange,NoChange,Down,NoChange,NoChange,Up,Up,NoChange,Down,NoChange,NoChange,Down,Down,Up,Down,Up,NoChange,Down,Up,NoChange,Up,NoChange,NoChange,Down,Up,Up,NoChange,Up,Up,NoChange,NoChange,NoChange,Up,NoChange,NoChange,NoChange,NoChange,Up,NoChange,NoChange,Down,Up,Up,NoChange,Down,NoChange,NoChange,NoChange,NoChange,NoChange,NoChange,NoChange,Down,NoChange,NoChange,Down,NoChange,NoChange,NoChange,Up,NoChange,Down,Down,NoChange,Up,NoChange,Up,NoChange,NoChange,Down,NoChange,NoChange,NoChange,Up,Up,Up,Up,Down,NoChange,NoChange,NoChange,NoChange,Up,NoChange,Down,NoChange,NoChange,Up,NoChange,NoChange,Up,NoChange,NoChange,NoChange,Up,Up,NoChange,NoChange,Down,NoChange,NoChange,NoChange,Down,NoChange,Up,Down,NoChange,Up,NoChange,Up,Down,NoChange,NoChange,Up,NoChange,Down,NoChange,NoChange,NoChange,NoChange,NoChange,Up,Up,NoChange,Down,NoChange,NoChange,NoChange,NoChange,NoChange,NoChange,Down,Up,NoChange,NoChange,NoChange,NoChange,Up,NoChange,Up,NoChange,NoChange,Down,NoChange,NoChange,NoChange,NoChange,NoChange,Up,NoChange,Down,Up,NoChange,Down,NoChange,NoChange,NoChange,NoChange,Up,NoChange,NoChange,Up,Down,Up,NoChange,NoChange,Down,NoChange,NoChange,NoChange,Up,Up,NoChange
40,NoChange,NoChange,NoChange,NoChange,NoChange,NoChange,NoChange,Down,Down,NoChange,NoChange,NoChange,NoChange,NoChange,NoChange,Down,NoChange,Down,NoChange,NoChange,NoChange,NoChange,NoChange,NoChange,NoChange,Down,NoChange,Down,NoChange,NoChange,Down,NoChange,NoChange,NoChange,NoChange,NoChange,Down,Up,NoChange,NoChange,NoChange,NoChange,NoChange,Up,NoChange,NoChange,NoChange,NoChange,NoChange,NoChange,NoChange,NoChange,NoChange,NoChange,NoChange,NoChange,NoChange,Down,NoChange,Down,NoChange,NoChange,NoChange,NoChange,NoChange,NoChange,NoChange,NoChange,NoChange,NoChange,NoChange,NoChange,NoChange,NoChange,NoChange,Down,NoChange,NoChange,NoChange,NoChange,NoChange,NoChange,Down,NoChange,NoChange,Down,NoChange,NoChange,NoChange,NoChange,Down,NoChange,NoChange,NoChange,NoChange,NoChange,NoChange,NoChange,NoChange,NoChange,NoChange,NoChange,NoChange,NoChange,NoChange,NoChange,NoChange,Up,NoChange,NoChange,NoChange,NoChange,NoChange,NoChange,NoChange,Down,NoChange,NoChange,Down,Up,NoChange,NoChange,NoChange,Down,NoChange,NoChange,NoChange,NoChange,NoChange,Down,NoChange,Down,Down,NoChange,NoChange,NoChange,NoChange,Down,NoChange,NoChange,NoChange,NoChange,NoChange,NoChange,Down,NoChange,NoChange,NoChange,NoChange,NoChange,Up,NoChange,NoChange,NoChange,Down,NoChange,NoChange,NoChange,NoChange,NoChange,Down,NoChange,NoChange,Down,NoChange,NoChange,NoChange,NoChange,NoChange,NoChange,NoChange,Up,NoChange,NoChange,NoChange,NoChange,NoChange,NoChange,Down,Down,NoChange,NoChange,NoChange,NoChange,NoChange,NoChange
42,NoChange,NoChange,NoChange,NoChange,NoChange,NoChange,Up,Down,Down,NoChange,NoChange,NoChange,NoChange,NoChange,NoChange,NoChange,NoChange,Down,NoChange,NoChange,NoChange,Down,Up,NoChange,Down,Down,NoChange,Down,NoChange,NoChange,Down,NoChange,NoChange,NoChange,NoChange,NoChange,Down,NoChange,NoChange,NoChange,NoChange,NoChange,NoChange,Up,NoChange,NoChange,NoChange,Down,NoChange,NoChange,NoChange,NoChange,NoChange,Down,NoChange,NoChange,NoChange,Down,Down,NoChange,NoChange,NoChange,Down,Down,NoChange,Down,Down,NoChange,NoChange,Down,NoChange,Up,Down,NoChange,NoChange,Down,NoChange,Up,Down,NoChange,Up,NoChange,Down,NoChange,NoChange,NoChange,NoChange,NoChange,NoChange,NoChange,Down,NoChange,NoChange,NoChange,NoChange,NoChange,NoChange,Down,NoChange,NoChange,NoChange,Up,NoChange,NoChange,Down,NoChange,NoChange,NoChange,NoChange,NoChange,NoChange,NoChange,Up,NoChange,NoChange,Down,NoChange,NoChange,Down,NoChange,NoChange,NoChange,NoChange,Down,NoChange,NoChange,NoChange,Down,NoChange,Down,NoChange,Down,NoChange,Down,NoChange,NoChange,NoChange,Down,NoChange,NoChange,Up,Down,NoChange,NoChange,Down,NoChange,NoChange,NoChange,Down,NoChange,NoChange,NoChange,NoChange,Up,NoChange,Up,NoChange,NoChange,NoChange,Up,NoChange,NoChange,NoChange,NoChange,NoChange,Up,NoChange,NoChange,NoChange,NoChange,NoChange,NoChange,NoChange,NoChange,NoChange,NoChange,NoChange,NoChange,Down,Down,NoChange,Up,NoChange,NoChange,NoChange,NoChange
43,NoChange,NoChange,NoChange,NoChange,Down,NoChange,Up,Down,Down,Down,Down,NoChange,NoChange,NoChange,Down,Down,NoChange,Down,Up,NoChange,NoChange,NoChange,NoChange,NoChange,Down,Down,NoChange,Down,NoChange,NoChange,NoChange,NoChange,NoChange,NoChange,NoChange,NoChange,Down,NoChange,NoChange,NoChange,NoChange,NoChange,NoChange,Up,NoChange,NoChange,Down,NoChange,NoChange,NoChange,NoChange,NoChange,NoChange,Down,NoChange,NoChange,NoChange,Down,Down,NoChange,NoChange,NoChange,Down,NoChange,NoChange,Down,Down,NoChange,NoChange,Up,NoChange,NoChange,NoChange,NoChange,Down,NoChange,NoChange,Up,NoChange,NoChange,Down,Up,Down,NoChange,Up,NoChange,NoChange,NoChange,NoChange,NoChange,Down,NoChange,NoChange,NoChange,Down,NoChange,NoChange,Up,NoChange,NoChange,NoChange,Up,NoChange,NoChange,NoChange,NoChange,NoChange,NoChange,NoChange,NoChange,Down,NoChange,NoChange,NoChange,NoChange,NoChange,NoChange,Down,Down,Down,NoChange,NoChange,Down,Down,NoChange,NoChange,Down,Down,Down,Down,Up,Down,Down,NoChange,NoChange,NoChange,NoChange,Down,NoChange,Down,Up,NoChange,NoChange,NoChange,Down,NoChange,NoChange,NoChange,Down,Down,NoChange,NoChange,NoChange,NoChange,NoChange,NoChange,NoChange,NoChange,NoChange,NoChange,Down,Down,NoChange,NoChange,Down,NoChange,NoChange,Down,NoChange,NoChange,NoChange,Down,Down,NoChange,NoChange,NoChange,NoChange,NoChange,Down,Down,Up,NoChange,NoChange,NoChange,NoChange,NoChange
45,Down,NoChange,NoChange,NoChange,NoChange,NoChange,NoChange,Down,NoChange,NoChange,Up,NoChange,Up,NoChange,NoChange,Down,NoChange,Down,NoChange,NoChange,NoChange,NoChange,NoChange,NoChange,Down,Down,NoChange,Down,Up,NoChange,NoChange,NoChange,NoChange,NoChange,NoChange,NoChange,Down,NoChange,Down,Up,NoChange,NoChange,NoChange,Up,NoChange,NoChange,NoChange,NoChange,NoChange,NoChange,Up,NoChange,NoChange,NoChange,NoChange,Up,NoChange,NoChange,NoChange,Up,NoChange,NoChange,NoChange,NoChange,NoChange,Down,NoChange,Up,NoChange,NoChange,Up,NoChange,Up,NoChange,NoChange,NoChange,NoChange,NoChange,NoChange,NoChange,NoChange,NoChange,NoChange,NoChange,NoChange,NoChange,Up,NoChange,Up,NoChange,Down,Down,NoChange,NoChange,NoChange,Up,NoChange,Up,NoChange,NoChange,NoChange,Up,NoChange,Up,NoChange,NoChange,NoChange,NoChange,NoChange,NoChange,NoChange,NoChange,NoChange,NoChange,NoChange,NoChange,NoChange,Up,NoChange,NoChange,NoChange,NoChange,Up,Down,NoChange,NoChange,NoChange,NoChange,NoChange,NoChange,NoChange,Down,NoChange,Up,NoChange,NoChange,NoChange,Down,NoChange,Down,NoChange,NoChange,NoChange,NoChange,NoChange,NoChange,NoChange,NoChange,NoChange,NoChange,Up,NoChange,NoChange,NoChange,NoChange,NoChange,NoChange,NoChange,NoChange,NoChange,NoChange,NoChange,NoChange,NoChange,Up,NoChange,NoChange,Down,NoChange,NoChange,NoChange,NoChange,NoChange,NoChange,NoChange,NoChange,NoChange,NoChange,NoChange,Down,NoChange,NoChange,NoChange,Up,NoChange,NoChange
46,Down,NoChange,NoChange,NoChange,NoChange,Up,Up,Down,Down,NoChange,Up,NoChange,Up,NoChange,NoChange,NoChange,NoChange,NoChange,Up,Up,NoChange,Down,Up,NoChange,NoChange,Down,NoChange,NoChange,Up,NoChange,NoChange,Up,NoChange,NoChange,NoChange,NoChange,Down,NoChange,Up,NoChange,NoChange,NoChange,NoChange,Up,Down,Up,Up,Down,NoChange,NoChange,NoChange,NoChange,Up,NoChange,Up,NoChange,NoChange,Down,NoChange,Up,NoChange,NoChange,NoChange,NoChange,NoChange,NoChange,Up,NoChange,Down,NoChange,Up,Up,Up,Up,NoChange,NoChange,NoChange,Up,NoChange,NoChange,NoChange,NoChange,Down,NoChange,NoChange,NoChange,Up,NoChange,Up,NoChange,Down,NoChange,NoChange,NoChange,NoChange,Up,NoChange,Down,NoChange,NoChange,Up,Up,NoChange,Up,NoChange,NoChange,NoChange,NoChange,Up,Up,NoChange,Down,NoChange,NoChange,NoChange,NoChange,NoChange,Up,NoChange,Up,NoChange,Up,Up,Down,NoChange,NoChange,Up,Up,NoChange,Up,NoChange,Down,NoChange,Up,NoChange,Up,NoChange,Down,NoChange,NoChange,NoChange,NoChange,NoChange,NoChange,NoChange,NoChange,Up,NoChange,NoChange,Up,Up,NoChange,NoChange,NoChange,NoChange,NoChange,NoChange,NoChange,Up,NoChange,NoChange,Up,Up,Up,Up,NoChange,NoChange,Up,NoChange,NoChange,NoChange,Up,NoChange,NoChange,Up,Up,NoChange,NoChange,Up,NoChange,Down,NoChange,NoChange,Up,Up,NoChange
47,NoChange,NoChange,NoChange,NoChange,NoChange,Up,Up,Down,Down,Down,NoChange,NoChange,Up,NoChange,NoChange,Down,NoChange,NoChange,Up,Up,NoChange,NoChange,NoChange,NoChange,Down,Down,NoChange,Down,Up,NoChange,Down,Up,NoChange,Up,NoChange,Down,Down,NoChange,Up,NoChange,Up,NoChange,NoChange,NoChange,NoChange,NoChange,NoChange,NoChange,NoChange,NoChange,NoChange,NoChange,Up,Down,Up,NoChange,NoChange,Down,Down,NoChange,NoChange,NoChange,Down,Down,NoChange,NoChange,Down,NoChange,NoChange,NoChange,NoChange,NoChange,Up,NoChange,Down,Down,NoChange,Up,NoChange,Up,NoChange,NoChange,Down,NoChange,NoChange,NoChange,Up,NoChange,Up,Up,Down,NoChange,NoChange,NoChange,NoChange,NoChange,NoChange,NoChange,NoChange,NoChange,NoChange,NoChange,NoChange,Up,NoChange,NoChange,NoChange,Up,Up,NoChange,NoChange,NoChange,NoChange,NoChange,NoChange,NoChange,NoChange,Up,Down,NoChange,NoChange,NoChange,Up,Down,NoChange,NoChange,Up,NoChange,Down,NoChange,NoChange,NoChange,Down,NoChange,Up,Up,NoChange,Down,NoChange,Down,NoChange,NoChange,NoChange,NoChange,Down,NoChange,NoChange,NoChange,NoChange,NoChange,NoChange,NoChange,NoChange,NoChange,Down,NoChange,NoChange,NoChange,NoChange,NoChange,NoChange,NoChange,NoChange,NoChange,Up,NoChange,NoChange,Down,NoChange,NoChange,NoChange,Up,NoChange,NoChange,Up,NoChange,Up,NoChange,NoChange,Down,NoChange,NoChange,NoChange,NoChange,NoChange,NoChange
52,Up,NoChange,NoChange,NoChange,NoChange,NoChange,NoChange,Down,NoChange,NoChange,NoChange,NoChange,NoChange,NoChange,NoChange,NoChange,NoChange,NoChange,Up,NoChange,NoChange,NoChange,NoChange,NoChange,NoChange,Down,NoChange,NoChange,Down,NoChange,NoChange,NoChange,NoChange,Down,NoChange,Up,Down,NoChange,Up,NoChange,NoChange,Down,NoChange,NoChange,NoChange,NoChange,NoChange,NoChange,NoChange,NoChange,NoChange,NoChange,Up,NoChange,Down,Down,NoChange,Down,Down,NoChange,NoChange,NoChange,NoChange,NoChange,NoChange,Down,NoChange,NoChange,NoChange,Up,NoChange,NoChange,Up,Up,NoChange,Down,NoChange,NoChange,NoChange,Down,NoChange,NoChange,NoChange,NoChange,NoChange,NoChange,NoChange,Down,Down,Down,NoChange,NoChange,NoChange,NoChange,NoChange,NoChange,NoChange,NoChange,NoChange,NoChange,NoChange,NoChange,NoChange,Down,NoChange,NoChange,Up,NoChange,NoChange,NoChange,Down,NoChange,NoChange,NoChange,NoChange,NoChange,NoChange,NoChange,NoChange,Up,NoChange,NoChange,NoChange,NoChange,NoChange,NoChange,NoChange,NoChange,NoChange,NoChange,Down,Down,NoChange,Up,Down,NoChange,NoChange,NoChange,NoChange,NoChange,NoChange,NoChange,NoChange,NoChange,NoChange,NoChange,NoChange,NoChange,Up,Down,NoChange,NoChange,NoChange,NoChange,NoChange,NoChange,NoChange,NoChange,NoChange,NoChange,Down,NoChange,NoChange,NoChange,NoChange,NoChange,NoChange,Up,NoChange,NoChange,NoChange,NoChange,NoChange,NoChange,NoChange,NoChange,Down,NoChange,Up,NoChange,NoChange,NoChange,NoChange,NoChange,NoChange,NoChange
55,NoChange,Down,NoChange,NoChange,NoChange,NoChange,Up,Down,Down,NoChange,Up,Down,NoChange,NoChange,NoChange,NoChange,NoChange,NoChange,Up,Up,Down,Down,Up,NoChange,NoChange,Down,NoChange,Up,NoChange,NoChange,Down,NoChange,NoChange,Down,NoChange,Down,NoChange,NoChange,Up,NoChange,Down,NoChange,Down,Up,Down,Up,Down,Down,NoChange,Down,NoChange,NoChange,Up,Up,NoChange,Down,NoChange,NoChange,Down,Down,Down,NoChange,NoChange,Down,NoChange,NoChange,NoChange,NoChange,Down,Up,Down,NoChange,Up,Up,Up,Down,NoChange,Up,Down,Down,NoChange,NoChange,Down,Down,NoChange,Down,NoChange,Down,NoChange,NoChange,NoChange,NoChange,NoChange,NoChange,NoChange,Up,NoChange,Down,Down,NoChange,Up,Up,NoChange,Down,Down,NoChange,Up,Up,NoChange,Up,NoChange,Down,NoChange,Up,NoChange,Up,NoChange,Up,Down,Up,NoChange,NoChange,Up,Down,Down,NoChange,NoChange,Up,NoChange,NoChange,Down,Down,NoChange,NoChange,Down,NoChange,NoChange,Up,NoChange,NoChange,Up,NoChange,NoChange,NoChange,Down,NoChange,NoChange,NoChange,NoChange,Up,Up,NoChange,NoChange,Up,NoChange,NoChange,NoChange,NoChange,Up,Up,Down,Up,NoChange,Down,Up,Up,Down,Up,NoChange,NoChange,NoChange,NoChange,Up,Down,NoChange,NoChange,NoChange,Up,NoChange,Up,NoChange,NoChange,Down,NoChange,NoChange,Down
